Id,LotArea,MasVnrArea,BsmtUnfSF,TotalBsmtSF,1stFlrSF,2ndFlrSF,GrLivArea,GarageArea,WoodDeckSF,OpenPorchSF,SalePrice
1,8450,196,150,856,856,854,1710,548,0,61,208500
2,9600,0,284,1262,1262,0,1262,460,298,0,181500
3,11250,162,434,920,920,866,1786,608,0,42,223500
4,9550,0,540,756,961,756,1717,642,0,35,140000
5,14260,350,490,1145,1145,1053,2198,836,192,84,250000
6,14115,0,64,796,796,566,1362,480,40,30,143000
7,10084,186,317,1686,1694,0,1694,636,255,57,307000
8,10382,240,216,1107,1107,983,2090,484,235,204,200000
9,6120,0,952,952,1022,752,1774,468,90,0,129900
10,7420,0,140,991,1077,0,1077,205,0,4,118000
11,11200,0,134,1040,1040,0,1040,384,0,0,129500
12,11924,286,177,1175,1182,1142,2324,736,147,21,345000
13,12968,0,175,912,912,0,912,352,140,0,144000
14,10652,306,1494,1494,1494,0,1494,840,160,33,279500
15,10920,212,520,1253,1253,0,1253,352,0,213,157000
16,6120,0,832,832,854,0,854,576,48,112,132000
17,11241,180,426,1004,1004,0,1004,480,0,0,149000
18,10791,0,0,0,1296,0,1296,516,0,0,90000
19,13695,0,468,1114,1114,0,1114,576,0,102,159000
20,7560,0,525,1029,1339,0,1339,294,0,0,139000
21,14215,380,1158,1158,1158,1218,2376,853,240,154,325300
22,7449,0,637,637,1108,0,1108,280,0,0,139400
23,9742,281,1777,1777,1795,0,1795,534,171,159,230000
24,4224,0,200,1040,1060,0,1060,572,100,110,129900
25,8246,0,204,1060,1060,0,1060,270,406,90,154000
26,14230,640,1566,1566,1600,0,1600,890,0,56,256300
27,7200,0,180,900,900,0,900,576,222,32,134800
28,11478,200,486,1704,1704,0,1704,772,0,50,306000
29,16321,0,207,1484,1600,0,1600,319,288,258,207500
30,6324,0,520,520,520,0,520,240,49,0,68500
31,8500,0,649,649,649,668,1317,250,0,54,40000
32,8544,0,1228,1228,1228,0,1228,271,0,65,149350
33,11049,0,1234,1234,1234,0,1234,484,0,30,179900
34,10552,0,380,1398,1700,0,1700,447,0,38,165500
35,7313,246,408,1561,1561,0,1561,556,203,47,277500
36,13418,132,1117,1117,1132,1320,2452,691,113,32,309000
37,10859,0,1097,1097,1097,0,1097,672,392,64,145000
38,8532,650,84,1297,1297,0,1297,498,0,0,153000
39,7922,0,326,1057,1057,0,1057,246,0,52,109000
40,6040,0,0,0,1152,0,1152,0,0,0,82000
41,8658,101,445,1088,1324,0,1324,440,0,138,160000
42,16905,0,383,1350,1328,0,1328,308,0,104,170000
43,9180,0,0,840,884,0,884,504,240,0,144000
44,9200,0,167,938,938,0,938,308,145,0,130250
45,7945,0,465,1150,1150,0,1150,300,0,0,141000
46,7658,412,1296,1752,1752,0,1752,576,196,82,319900
47,12822,0,83,1434,1518,631,2149,670,168,43,239686
48,11096,0,1632,1656,1656,0,1656,826,0,146,249700
49,4456,0,736,736,736,716,1452,0,0,0,113000
50,7742,0,192,955,955,0,955,386,0,0,127000
51,13869,0,612,794,794,676,1470,388,0,75,177000
52,6240,0,816,816,816,0,1176,528,112,0,114500
53,8472,0,0,816,816,0,816,516,106,0,110000
54,50271,0,32,1842,1842,0,1842,894,857,72,385000
55,7134,0,0,384,1360,0,1360,572,0,50,130000
56,10175,272,935,1425,1425,0,1425,576,0,0,180500
57,2645,456,321,970,983,756,1739,480,115,0,172500
58,11645,0,860,860,860,860,1720,565,0,70,196500
59,13682,1031,1410,1410,1426,1519,2945,641,192,0,438780
60,7200,0,148,780,780,0,780,352,196,0,124900
61,13072,0,217,1158,1158,0,1158,576,0,50,158000
62,7200,0,530,530,581,530,1111,288,0,0,101000
63,6442,178,1346,1370,1370,0,1370,484,120,49,202500
64,10300,0,576,576,902,808,1710,480,12,11,140000
65,9375,573,318,1057,1057,977,2034,645,576,36,219500
66,9591,344,1143,1143,1143,1330,2473,852,192,151,317000
67,19900,287,1035,1947,2207,0,2207,576,301,0,180000
68,10665,167,440,1453,1479,0,1479,558,144,29,226000
69,4608,0,747,747,747,0,747,220,0,0,80000
70,15593,0,701,1304,1304,983,2287,667,0,21,225000
71,13651,1115,343,2223,2223,0,2223,516,300,0,244000
72,7599,0,280,845,845,0,845,360,0,0,129500
73,10141,40,832,832,885,833,1718,427,0,94,185000
74,10200,104,404,1086,1086,0,1086,490,0,0,144900
75,5790,0,840,840,840,765,1605,379,0,0,107400
76,1596,0,0,462,526,462,988,297,120,101,91000
77,8475,0,724,952,952,0,952,283,0,0,135750
78,8635,0,295,672,1072,213,1285,240,0,0,127000
79,10778,0,1768,1768,1768,0,1768,0,0,0,136500
80,10440,0,440,440,682,548,1230,440,74,0,110000
81,13000,576,448,896,1182,960,2142,509,0,72,193500
82,4500,443,36,1237,1337,0,1337,405,0,199,153500
83,10206,468,1530,1563,1563,0,1563,758,144,99,245000
84,8892,66,1065,1065,1065,0,1065,461,74,0,126500
85,8530,22,384,384,804,670,1474,400,120,72,168500
86,16059,284,1288,1288,1301,1116,2417,462,127,82,260000
87,11911,0,684,684,684,876,1560,400,100,38,174000
88,3951,76,612,612,612,612,1224,528,0,234,164500
89,8470,0,1013,1013,1013,0,1526,0,0,0,85000
90,8070,0,402,990,990,0,990,0,0,0,123600
91,7200,0,0,0,1040,0,1040,420,0,29,109900
92,8500,203,635,1235,1235,0,1235,480,0,0,98600
93,13360,0,163,876,964,0,964,432,0,0,163500
94,7200,0,168,1214,1260,1031,2291,506,0,0,133900
95,9337,0,176,824,905,881,1786,684,0,162,204750
96,9765,68,370,680,680,790,1470,420,232,63,185000
97,10264,183,426,1588,1588,0,1588,472,158,29,214000
98,10921,48,440,960,960,0,960,432,120,0,94750
99,10625,0,350,458,835,0,835,366,0,0,83000
100,9320,0,381,950,1225,0,1225,0,352,0,128950
101,10603,28,410,1610,1610,0,1610,480,168,68,205000
102,9206,336,741,741,977,755,1732,476,192,46,178000
103,7018,0,0,0,1535,0,1535,410,0,0,118964
104,10402,0,1226,1226,1226,0,1226,740,0,36,198900
105,7758,600,816,1040,1226,592,1818,240,0,0,169500
106,9375,768,1053,1053,1053,939,1992,648,140,45,250000
107,10800,0,641,641,1047,0,1047,273,0,0,100000
108,6000,0,516,789,789,0,789,250,0,0,115000
109,8500,0,793,793,997,520,1517,0,0,0,115000
110,11751,480,1139,1844,1844,0,1844,546,0,122,190000
111,9525,0,550,994,1216,639,1855,325,182,0,136900
112,7750,0,134,384,774,656,1430,400,180,0,180000
113,9965,220,280,1264,1282,1414,2696,792,120,184,383970
114,21000,184,905,1809,2259,0,2259,450,166,120,217000
115,7259,0,104,1028,1436,884,2320,180,224,0,259500
116,3230,1129,310,729,729,729,1458,440,0,32,176000
117,11616,116,252,1092,1092,0,1092,288,0,20,139000
118,8536,0,1125,1125,1125,0,1125,430,80,64,155000
119,12376,0,203,1673,1699,1523,3222,594,367,0,320000
120,8461,0,728,728,728,728,1456,390,0,24,163990
121,21453,0,0,938,988,0,988,540,0,130,180000
122,6060,0,732,732,772,351,1123,264,0,0,100000
123,9464,135,510,1080,1080,0,1080,288,0,0,136000
124,7892,0,899,1199,1199,0,1199,530,0,63,153900
125,17043,0,1362,1362,1586,0,1586,435,192,0,181000
126,6780,0,30,520,520,0,754,0,53,0,84500
127,4928,0,958,1078,958,0,958,440,0,205,128000
128,4388,0,556,672,840,0,840,0,0,0,87000
129,7590,266,148,660,660,688,1348,453,188,108,155000
130,8973,85,413,1008,1053,0,1053,750,0,80,150000
131,14200,309,479,924,1216,941,2157,487,105,66,226000
132,12224,40,297,992,1022,1032,2054,390,24,48,244000
133,7388,0,658,1063,1327,0,1327,624,0,0,150750
134,6853,136,262,1267,1296,0,1296,471,192,25,220000
135,10335,0,891,1461,1721,0,1721,440,0,96,180000
136,10400,288,1304,1304,1682,0,1682,530,98,0,174000
137,10355,196,519,1214,1214,0,1214,318,0,111,143000
138,11070,70,1907,1907,1959,0,1959,766,0,0,171000
139,9066,320,336,1004,1004,848,1852,660,224,106,230000
140,15426,0,107,928,928,836,1764,470,276,99,231500
141,10500,0,432,864,864,0,864,0,0,0,115000
142,11645,0,434,1734,1734,0,1734,660,160,24,260000
143,8520,0,403,910,910,475,1385,720,0,0,166000
144,10335,183,811,1490,1501,0,1501,577,144,29,204000
145,9100,336,396,1728,1728,0,1728,504,0,0,125000
146,2522,50,970,970,970,739,1709,380,0,40,130000
147,6120,0,506,715,875,0,875,180,48,0,105000
148,9505,180,884,884,884,1151,2035,434,144,48,222500
149,7500,120,400,1080,1080,0,1080,0,0,0,141000
150,6240,0,896,896,896,448,1344,240,200,114,115000
151,10356,0,253,969,969,0,969,440,0,0,122000
152,13891,436,310,1710,1710,0,1710,866,0,102,372402
153,14803,252,409,825,1097,896,1993,495,0,66,190000
154,13500,0,93,1602,1252,0,1252,564,409,0,235000
155,11340,0,1200,1200,1200,0,1200,312,0,0,125000
156,9600,0,572,572,572,524,1096,0,0,8,79000
157,7200,0,0,0,1040,0,1040,625,0,0,109500
158,12003,84,774,774,774,1194,1968,680,0,75,269500
159,12552,0,769,991,991,956,1947,678,0,136,254900
160,19378,456,1335,1392,1392,1070,2462,576,239,132,320000
161,11120,0,572,1232,1232,0,1232,516,0,0,162500
162,13688,664,556,1572,1572,1096,2668,726,400,0,412500
163,12182,226,340,1541,1541,0,1541,532,0,70,220000
164,5500,0,882,882,882,0,882,0,0,0,103200
165,5400,0,779,1149,1149,467,1616,216,0,0,152000
166,10106,0,112,644,808,547,1355,0,140,0,127500
167,10708,0,470,1617,1867,0,1867,303,476,0,190000
168,10562,300,294,1582,1610,551,2161,789,178,120,325624
169,8244,0,840,840,840,880,1720,440,100,48,183500
170,16669,653,1686,1686,1707,0,1707,511,574,64,228000
171,12358,0,360,720,854,0,1382,660,237,0,128500
172,31770,112,441,1080,1656,0,1656,528,210,62,215000
173,5306,0,354,1064,1064,703,1767,504,441,35,239000
174,10197,491,700,1362,1362,0,1362,504,0,20,163000
175,12416,132,0,1606,1651,0,1651,616,192,0,184000
176,12615,0,725,1202,2158,0,2158,576,0,29,243000
177,10029,268,320,1151,1164,896,2060,521,0,228,211000
178,13650,0,554,1052,1252,668,1920,451,0,0,172500
179,17423,748,312,2216,2234,0,2234,1166,0,60,501837
180,8520,0,968,968,968,0,968,480,0,0,100000
181,2117,456,320,756,769,756,1525,440,0,0,177000
182,7588,0,441,793,901,901,1802,216,0,0,200100
183,9060,98,0,0,1340,0,1340,252,116,0,120000
184,11426,0,1362,1362,1362,720,2082,484,280,238,200000
185,7438,0,504,504,936,316,1252,576,104,0,127000
186,22950,0,1107,1107,1518,1518,3608,840,0,260,475000
187,9947,0,577,1188,1217,0,1217,497,168,27,173000
188,10410,0,660,660,808,704,1656,180,0,0,135000
189,7018,275,0,1086,1224,0,1224,528,120,0,153337
190,4923,0,440,1593,1593,0,1593,682,0,120,286000
191,10570,0,556,853,1549,1178,2727,440,0,74,315000
192,7472,138,99,725,725,754,1479,484,0,32,184000
193,9017,0,871,1431,1431,0,1431,666,0,35,192000
194,2522,50,970,970,970,739,1709,380,0,40,130000
195,7180,0,474,864,864,0,864,352,0,0,127000
196,2280,0,289,855,855,601,1456,440,87,0,148500
197,9416,205,600,1726,1726,0,1726,786,171,138,311872
198,25419,0,140,1360,1360,1360,3112,795,0,16,235000
199,5520,0,755,755,929,929,2229,0,0,198,104000
200,9591,262,625,1713,1713,0,1713,856,0,26,274900
201,8546,0,1121,1121,1121,0,1121,440,132,64,140000
202,10125,0,276,1196,1279,0,1279,473,238,83,171500
203,7000,0,0,617,865,445,1310,398,0,0,112000
204,4438,205,186,848,848,0,848,420,149,0,149000
205,3500,0,408,720,720,564,1284,240,0,35,110000
206,11851,0,1424,1424,1442,0,1442,500,0,34,180500
207,13673,0,1140,1140,1696,0,1696,349,0,30,143900
208,12493,0,375,1100,1100,0,1100,312,355,0,141000
209,14364,128,92,1157,1180,882,2062,454,60,55,277000
210,8250,260,305,1092,1092,0,1092,504,0,0,145000
211,5604,0,396,864,864,0,864,0,0,0,98000
212,10420,0,1176,1212,1212,0,1212,460,100,22,186000
213,8640,0,78,900,932,920,1852,644,168,108,252678
214,13568,0,274,990,990,0,990,576,224,0,156000
215,10900,153,311,689,689,703,1392,299,0,36,161750
216,10011,64,710,1070,1236,0,1236,447,0,0,134450
217,8450,266,490,1436,1436,0,1436,484,139,98,210000
218,9906,0,686,686,810,518,1328,210,0,172,107000
219,15660,312,457,798,1137,817,1954,431,0,119,311500
220,3010,16,1232,1248,1248,0,1248,438,108,0,167240
221,8990,0,1498,1498,1498,0,1498,675,351,33,204900
222,8068,0,1010,1010,1010,1257,2267,390,120,46,200000
223,11475,0,163,713,811,741,1552,434,209,208,179900
224,10500,0,160,864,864,0,864,576,216,0,97000
225,13472,922,2336,2392,2392,0,2392,968,248,105,386250
226,1680,142,630,630,630,672,1302,280,0,0,112000
227,9950,290,638,1203,1214,1306,2520,721,224,114,290000
228,1869,127,162,483,483,504,987,280,0,0,106000
229,8521,0,70,912,912,0,912,336,0,0,125000
230,3182,16,1357,1373,1555,0,1555,430,143,20,192500
231,8760,220,1194,1194,1194,0,1194,312,0,0,148000
232,15138,506,773,1462,1490,1304,2794,810,0,146,403000
233,1680,297,483,483,483,504,987,288,0,0,94500
234,10650,0,0,894,894,0,894,308,365,0,128200
235,7851,,235,860,860,1100,1960,440,288,48,216500
236,1680,604,125,483,483,504,987,264,0,0,89500
237,8773,98,1390,1414,1414,0,1414,494,132,105,185500
238,9453,0,594,996,1014,730,1744,457,370,70,194500
239,12030,254,1694,1694,1694,0,1694,818,168,228,318000
240,8741,0,641,735,798,689,1487,220,0,140,113000
241,9000,36,488,1566,1566,0,1566,750,144,168,262500
242,3880,0,357,686,866,0,866,0,58,42,110500
243,5000,0,540,540,889,551,1440,352,0,0,79000
244,10762,0,626,626,626,591,1217,288,0,28,120000
245,8880,0,253,948,1222,888,2110,463,0,130,205000
246,10400,102,916,1845,1872,0,1872,604,197,39,241500
247,9142,0,1020,1020,908,1020,1928,440,0,60,137000
248,11310,0,1367,1367,1375,0,1375,451,0,30,140000
249,11317,101,840,840,840,828,1668,500,144,68,180000
250,159000,472,747,1444,1444,700,2144,389,0,98,277000
251,5350,0,728,728,1306,0,1306,0,263,0,76500
252,4750,481,0,1573,1625,0,1625,538,123,0,235000
253,8366,0,798,798,798,842,1640,520,138,45,173000
254,9350,108,452,1302,1302,0,1302,309,333,0,158000
255,8400,0,392,1314,1314,0,1314,294,250,0,145000
256,8738,302,975,975,1005,1286,2291,429,192,0,230000
257,8791,0,361,864,864,864,1728,673,216,56,207500
258,8814,180,270,1604,1604,0,1604,660,123,110,220000
259,12435,172,602,963,963,829,1792,564,0,96,231500
260,12702,0,0,0,882,0,882,308,0,45,97000
261,19296,399,0,1362,1382,0,1382,884,0,0,176000
262,9588,270,1482,1482,1482,1092,2574,868,0,148,276000
263,8471,46,0,506,1212,0,1212,492,292,12,151000
264,5500,0,0,926,926,0,1316,484,0,0,130000
265,5232,0,680,680,764,0,764,504,0,0,73000
266,12090,210,606,1422,1422,0,1422,576,276,0,175500
267,11207,0,88,802,802,709,1511,413,95,75,185000
268,8400,0,342,720,1052,720,2192,240,262,24,179500
269,6900,0,212,740,778,0,778,924,0,25,120500
270,7917,174,392,1143,1113,0,1113,504,370,30,148000
271,10728,0,1095,1095,1095,844,1939,1053,192,51,266000
272,39104,0,96,1385,1363,0,1363,439,81,0,241500
273,11764,348,628,1152,1164,1106,2270,671,132,57,290000
274,9600,183,0,1240,1632,0,1632,338,289,0,139000
275,8314,0,270,816,816,0,816,264,168,0,124500
276,7264,0,952,952,952,596,1548,672,74,0,205000
277,9196,0,1560,1560,1560,0,1560,573,100,150,201000
278,19138,0,744,864,864,0,864,400,0,0,141000
279,14450,315,2121,2121,2121,0,2121,732,124,98,415298
280,10005,299,768,1160,1156,866,2022,505,288,117,192000
281,11287,340,386,807,1175,807,1982,575,0,84,228500
282,7200,68,357,1262,1262,0,1262,572,0,120,185000
283,5063,166,410,1314,1314,0,1314,626,172,62,207500
284,9612,72,1468,1468,1468,0,1468,898,210,150,244600
285,8012,0,1145,1575,1575,0,1575,529,0,0,179200
286,4251,0,625,625,625,625,1250,528,0,54,164700
287,9786,0,312,912,1085,649,1734,440,0,0,159000
288,8125,0,244,858,858,0,858,0,0,0,88000
289,9819,31,432,882,900,0,900,280,0,0,122000
290,8730,0,698,698,698,698,1396,384,0,0,153575
291,15611,0,1079,1079,1079,840,1919,685,0,51,233230
292,5687,0,570,780,936,780,1716,0,0,184,135900
293,11409,0,476,768,1148,568,1716,281,0,0,131000
294,16659,34,0,795,1468,795,2263,539,0,250,235000
295,9600,238,131,1416,1644,0,1644,418,110,0,167000
296,7937,0,184,1003,1003,0,1003,588,120,0,142500
297,13710,0,490,910,910,648,1558,282,289,0,152000
298,7399,1600,326,975,975,975,1950,576,0,10,239000
299,11700,365,143,702,1041,702,1743,539,224,0,175000
300,14000,0,1092,1092,1152,0,1152,300,0,36,158500
301,15750,56,324,1165,1336,0,1336,375,0,0,157000
302,16226,0,747,1028,1210,1242,2452,683,208,50,267000
303,13704,150,1541,1541,1541,0,1541,843,468,81,205000
304,9800,0,0,894,894,0,894,552,256,0,149900
305,18386,0,1470,1470,1675,1818,3493,870,302,0,295000
306,10386,246,536,2000,2000,0,2000,888,168,0,305900
307,13474,246,0,700,1122,1121,2243,746,127,44,225000
308,7920,0,319,319,1035,371,1406,0,0,144,89500
309,12342,0,599,861,861,0,861,539,158,0,82500
310,12378,0,622,1896,1944,0,1944,708,208,175,360000
311,7685,112,179,697,697,804,1501,420,190,63,165600
312,8000,0,292,972,972,0,972,240,0,0,132000
313,7800,0,286,793,793,325,1118,410,0,0,119900
314,215245,0,80,2136,2036,0,2036,513,0,0,375000
315,9600,0,712,728,832,809,1641,546,0,0,178000
316,7795,0,291,716,716,716,1432,432,100,51,188500
317,13005,278,153,845,1153,1200,2353,484,288,195,260000
318,9000,0,1088,1088,1088,871,1959,1025,208,46,270000
319,9900,256,360,1347,1372,1274,2646,656,340,60,260000
320,14115,225,336,1372,1472,0,1472,588,233,48,187500
321,16259,370,1249,1249,1249,1347,2596,840,240,154,342643
322,12099,388,166,1136,1136,1332,2468,872,184,154,354000
323,10380,172,0,1502,1553,1177,2730,576,201,96,301000
324,5820,0,906,1162,1163,0,1163,220,142,98,126175
325,11275,300,710,710,1898,1080,2978,564,240,0,242000
326,5000,0,604,720,803,0,803,360,0,0,87000
327,10846,0,100,1719,1719,0,1719,473,122,30,324000
328,11600,175,818,1383,1383,0,1383,292,0,45,145250
329,11888,0,844,844,1445,689,2134,441,0,60,214500
330,6402,0,596,596,596,596,1192,189,0,0,78000
331,10624,84,1424,1728,1728,0,1728,352,155,0,119000
332,8176,0,210,1056,1056,0,1056,308,0,0,139000
333,10655,296,1603,3206,1629,0,1629,880,0,0,284000
334,8198,146,638,1358,1358,0,1358,484,192,30,207000
335,9042,0,115,943,943,695,1638,472,100,38,192000
336,164660,0,103,1499,1619,167,1786,529,670,0,228950
337,14157,200,673,1922,1922,0,1922,676,178,51,377426
338,9135,113,726,1536,1536,0,1536,532,192,74,214000
339,14145,0,995,1208,1621,0,1621,440,108,45,202500
340,12400,176,630,1215,1215,0,1215,297,0,0,155000
341,14191,0,967,967,993,915,1908,431,135,0,202900
342,8400,0,721,721,841,0,841,294,250,0,82000
343,8544,340,0,0,1040,0,1040,400,0,0,87500
344,8849,616,1656,1684,1684,0,1684,564,495,72,266000
345,2592,0,175,536,536,576,1112,336,182,0,85000
346,6435,0,972,972,972,605,1577,312,0,0,140200
347,12772,0,460,958,958,0,958,301,0,0,151500
348,17600,30,208,1478,1478,0,1478,498,0,40,157500
349,2448,106,191,764,764,862,1626,474,0,27,154000
350,20431,870,438,1848,1848,880,2728,706,0,0,437154
351,7820,362,1869,1869,1869,0,1869,617,210,54,318061
352,5271,0,371,1453,1453,0,1453,445,0,80,190000
353,9084,0,0,616,616,495,1111,200,48,0,95000
354,8520,0,624,624,720,0,720,484,106,0,105900
355,8400,0,552,940,1192,403,1595,240,0,0,140000
356,11249,0,322,1200,1200,0,1200,521,0,26,177500
357,9248,106,598,1158,1167,0,1167,400,120,26,173000
358,4224,0,268,1142,1142,0,1142,528,536,90,134000
359,6930,120,468,1062,1352,0,1352,288,168,0,130000
360,12011,530,130,1086,1086,838,1924,592,208,75,280000
361,7540,0,115,888,912,0,912,470,0,0,156000
362,9144,0,484,883,988,517,1505,240,0,0,145000
363,7301,500,0,0,495,1427,1922,672,0,0,198500
364,1680,510,321,483,483,504,987,264,250,0,118000
365,18800,120,84,796,790,784,1574,566,306,111,190000
366,10690,0,216,672,672,672,1344,468,0,128,147000
367,9500,247,785,1394,1394,0,1394,514,0,76,159000
368,9150,305,728,1099,1431,0,1431,296,64,110,165000
369,7800,200,728,1268,1268,0,1268,244,0,98,132000
370,9830,0,733,1063,1287,0,1287,576,364,17,162000
371,8121,0,953,953,953,711,1664,460,100,40,172400
372,17120,0,0,0,1120,468,1588,680,0,59,134432
373,7175,0,0,744,752,0,752,264,353,0,125000
374,10634,0,0,608,1319,0,1319,270,66,0,123000
375,8200,0,847,847,847,1081,1928,434,100,48,219500
376,10020,0,333,683,904,0,904,0,0,0,61000
377,8846,0,572,870,914,0,914,576,0,0,148000
378,11143,0,1580,1580,1580,886,2466,610,159,214,340000
379,11394,350,411,1856,1856,0,1856,834,113,0,394432
380,8123,16,982,982,1007,793,1800,463,100,63,179000
381,5000,0,808,1026,1026,665,1691,308,0,0,127000
382,7200,0,1293,1293,1301,0,1301,572,216,121,187750
383,9245,0,939,939,939,858,1797,639,144,53,213500
384,9000,0,784,784,784,0,784,360,0,0,76000
385,53107,0,595,1580,1079,874,1953,501,216,231,240000
386,3182,16,1232,1256,1269,0,1269,430,146,20,192000
387,8410,0,658,658,658,526,1184,0,0,151,81000
388,7200,255,410,1041,1125,0,1125,352,296,0,125000
389,9382,125,1468,1468,1479,0,1479,577,120,25,191000
390,12474,272,402,1682,1742,590,2332,846,196,134,426000
391,8405,0,229,861,961,406,1367,384,0,130,119000
392,12209,0,114,804,804,1157,1961,560,125,192,215000
393,8339,0,0,0,882,0,882,294,0,0,106500
394,7446,0,522,788,788,0,788,0,0,0,100000
395,10134,0,735,735,735,299,1034,240,0,39,109000
396,9571,0,405,1144,1144,0,1144,596,44,0,129000
397,7200,0,117,894,894,0,894,600,215,0,123000
398,7590,288,324,864,876,936,1812,264,0,168,169500
399,8967,0,961,961,1077,0,1077,338,0,0,67000
400,8125,100,280,1092,1112,438,1550,438,0,168,241000
401,14963,0,474,1260,1288,0,1288,500,120,30,245500
402,8767,0,1286,1310,1310,0,1310,400,0,0,164990
403,10200,0,672,672,672,0,672,240,168,0,108000
404,12090,650,1141,1141,1165,1098,2263,420,144,123,258000
405,10364,0,806,806,806,766,1572,373,0,40,168000
406,9991,0,165,1281,1620,0,1620,490,120,78,150000
407,10480,0,1064,1064,1166,0,1639,240,0,0,115000
408,15576,0,840,840,840,840,1680,308,0,0,177000
409,14154,350,1063,1063,1071,1101,2172,947,192,62,280000
410,10800,100,245,1034,1050,1028,2078,836,0,102,339750
411,9571,0,1276,1276,1276,0,1276,350,0,0,60000
412,34650,0,0,1056,1056,0,1056,572,264,0,145000
413,4403,432,892,1470,1478,0,1478,484,0,144,222000
414,8960,0,1008,1008,1028,0,1028,360,0,0,115000
415,11228,0,499,1080,1080,1017,2097,678,196,187,228000
416,8899,0,1316,1340,1340,0,1340,396,100,30,181134
417,7844,203,463,672,672,728,1400,440,0,0,149500
418,22420,0,242,1370,1370,1254,2624,864,0,0,239000
419,8160,0,444,756,756,378,1134,240,0,0,126000
420,8450,0,281,1056,1056,0,1056,304,0,85,142000
421,7060,200,35,1344,1344,0,1344,784,0,0,206300
422,16635,126,356,1602,1602,0,1602,529,240,0,215000
423,21750,0,988,988,988,0,988,520,0,0,113000
424,9200,473,484,1470,1470,1160,2630,696,0,66,315000
425,9000,74,580,1196,1196,0,1196,297,0,44,139000
426,3378,0,651,651,707,682,1389,240,0,0,135000
427,12800,145,0,1518,1644,0,1644,569,80,0,275000
428,8593,0,619,907,907,0,907,352,0,0,109008
429,6762,108,544,1208,1208,0,1208,628,105,54,195400
430,11457,0,387,1392,1412,0,1412,576,0,0,175000
431,1680,232,96,483,483,504,987,264,0,0,85400
432,5586,0,901,901,1088,110,1198,0,0,98,79900
433,1920,376,294,765,765,600,1365,440,240,36,122500
434,10839,0,926,926,926,678,1604,470,0,36,181000
435,1890,0,135,630,630,0,630,0,88,0,81000
436,10667,0,70,799,827,834,1661,550,158,61,212000
437,4400,0,648,648,734,384,1118,440,0,0,116000
438,6000,0,884,884,904,0,904,180,0,0,119000
439,4280,0,75,440,694,0,694,352,0,0,90350
440,12354,0,684,684,684,512,1196,528,0,46,110000
441,15431,200,788,3094,2402,0,2402,672,0,72,555000
442,12108,270,1307,1440,1440,0,1440,0,0,0,118000
443,6240,0,1078,1078,1128,445,1573,360,0,0,162900
444,3922,72,1258,1258,1258,0,1258,648,144,16,172500
445,8750,0,273,915,933,975,1908,493,144,133,210000
446,9855,0,1436,1436,1689,0,1689,480,0,0,127500
447,16492,0,557,1517,1888,0,1888,578,0,0,190000
448,11214,0,930,930,956,930,1886,431,89,0,199900
449,8600,0,780,780,780,596,1376,198,0,0,119500
450,6000,0,318,649,679,504,1183,308,0,176,120000
451,5684,0,813,813,813,0,813,270,0,113,110000
452,70761,0,878,1533,1533,0,1533,576,200,54,280000
453,9303,42,130,872,888,868,1756,422,144,122,204000
454,9000,0,768,768,786,804,1590,676,0,30,210000
455,9297,0,122,1728,1728,0,1728,560,0,0,188000
456,9600,320,326,1242,1242,0,1242,528,0,0,175500
457,4571,0,624,624,624,720,1344,513,0,0,98000
458,53227,0,248,1364,1663,0,1663,529,224,137,256000
459,5100,0,588,588,833,833,1666,228,192,63,161000
460,7015,161,524,709,979,224,1203,352,0,0,110000
461,8004,110,288,832,832,1103,1935,552,0,150,263435
462,7200,0,0,560,575,560,1135,576,256,0,155000
463,8281,0,0,864,864,0,864,360,0,0,62383
464,11988,0,389,715,849,811,1660,240,0,0,188700
465,8430,136,424,1040,1040,0,1040,0,0,0,124000
466,3072,18,1375,1375,1414,0,1414,398,144,20,178740
467,10628,0,499,1277,1277,0,1277,526,0,0,167000
468,9480,224,342,728,888,756,1644,312,168,0,146500
469,11428,248,1626,1626,1634,0,1634,866,0,44,250000
470,9291,120,406,832,832,878,1710,506,144,70,187000
471,6820,0,0,1488,1502,0,1502,528,0,54,212000
472,11952,0,808,808,1161,808,1969,534,0,0,190000
473,3675,80,88,547,1072,0,1072,525,0,28,148000
474,14977,304,626,1976,1976,0,1976,908,250,63,440000
475,5330,0,298,1494,1652,0,1652,499,96,48,251000
476,8480,0,340,970,970,0,970,624,0,24,132500
477,13125,215,484,1478,1493,0,1493,508,140,39,208900
478,13693,772,2153,2153,2069,574,2643,694,414,84,380000
479,10637,336,417,1705,1718,0,1718,826,208,44,297000
480,5925,435,739,907,1131,0,1131,672,0,72,89471
481,16033,378,572,1833,1850,0,1850,772,519,112,326000
482,11846,562,225,1792,1792,0,1792,874,206,49,374000
483,2500,0,611,910,916,910,1826,164,0,0,155000
484,4500,116,319,1216,1216,0,1216,402,0,125,164000
485,7758,0,411,999,999,0,999,264,0,132,132500
486,9600,0,506,1113,1113,0,1113,264,0,80,147000
487,10289,168,237,1073,1073,0,1073,515,0,0,156000
488,12243,0,486,1484,1484,0,1484,487,224,0,175000
489,10800,0,290,954,1766,648,2414,520,142,0,160000
490,1526,0,115,630,630,0,630,286,0,0,86000
491,2665,0,264,264,616,688,1304,336,141,24,115000
492,9490,0,238,806,958,620,1578,240,0,0,133000
493,15578,0,728,728,728,728,1456,429,0,0,172785
494,7931,0,363,1269,1269,0,1269,308,0,0,155000
495,5784,0,190,190,886,0,886,273,144,20,91300
496,7879,0,225,720,720,0,720,0,0,523,34900
497,12692,0,1969,3200,3228,0,3228,546,264,75,430000
498,9120,0,697,1026,1133,687,1820,240,0,100,184000
499,7800,89,414,864,899,0,899,288,64,0,130000
500,7535,0,522,912,912,0,912,297,12,285,120000
501,1890,285,316,672,672,546,1218,264,144,28,113000
502,9803,0,466,866,866,902,1768,603,0,108,226700
503,9170,0,420,1214,1214,0,1214,461,0,0,140000
504,15602,0,254,1501,1801,0,1801,484,0,54,289000
505,2308,0,103,855,855,467,1322,440,260,0,147000
506,7596,360,960,960,960,1000,1960,400,0,0,124500
507,9554,125,397,777,1065,846,1911,471,182,81,215000
508,7862,0,1191,1218,1218,0,1218,676,0,102,208300
509,9600,0,548,689,689,689,1378,360,0,0,161000
510,9600,132,50,1041,1041,0,1041,270,224,88,124500
511,14559,70,178,1008,1363,0,1363,288,324,42,164900
512,6792,94,1368,1368,1368,0,1368,474,132,35,202665
513,9100,0,169,864,864,0,864,624,0,0,129900
514,9187,0,748,1084,1080,0,1080,484,120,0,134000
515,10594,0,768,768,789,0,789,200,0,0,96500
516,12220,305,570,2006,2020,0,2020,900,156,54,402861
517,10448,333,689,689,1378,741,2119,583,0,104,158000
518,10208,921,1264,1264,1277,1067,2344,889,220,0,265000
519,9531,0,88,794,882,914,1796,546,0,36,211000
520,10918,0,1276,1276,1276,804,2080,282,0,0,234000
521,10800,0,0,0,694,600,1294,0,220,114,106250
522,11988,0,467,1244,1244,0,1244,336,0,40,150000
523,5000,0,605,1004,1004,660,1664,420,0,24,159000
524,40094,762,878,3138,3138,1538,4676,884,208,406,184750
525,11787,594,660,1379,1383,1015,2398,834,239,60,315750
526,7500,0,1257,1257,1266,0,1266,453,38,144,176000
527,13300,0,551,928,928,0,928,252,261,0,132000
528,14948,268,122,1452,1476,1237,2713,858,126,66,446261
529,9098,0,180,528,605,0,605,0,0,0,86000
530,32668,,816,2035,2515,0,2515,484,0,0,200624
531,10200,219,678,1461,1509,0,1509,600,224,0,175000
532,6155,0,611,611,751,611,1362,502,0,0,128000
533,7200,0,0,0,827,0,827,392,0,0,107500
534,5000,0,0,0,334,0,334,0,0,0,39300
535,9056,0,707,707,707,707,1414,403,100,35,178000
536,7000,0,148,1117,820,527,1347,0,85,0,107500
537,8924,0,880,880,880,844,1724,527,120,155,188000
538,12735,0,264,864,864,0,864,576,216,0,111250
539,11553,188,378,1051,1159,0,1159,336,466,0,158000
540,11423,479,223,1581,1601,0,1601,670,180,0,272000
541,14601,584,578,1838,1838,0,1838,765,270,68,315000
542,11000,72,969,969,997,1288,2285,648,0,56,248000
543,10140,0,379,1650,1680,0,1680,583,78,73,213250
544,4058,182,0,723,767,0,767,367,120,40,133000
545,17104,0,100,654,664,832,1496,426,100,24,179665
546,13837,178,0,1204,1377,806,2183,786,0,0,229000
547,8737,0,765,1065,915,720,1635,440,0,38,210000
548,7244,0,149,768,768,0,768,624,104,0,129500
549,8235,0,0,825,825,0,825,720,140,50,125000
550,9375,0,912,912,912,1182,2094,615,182,182,263000
551,4043,0,510,1069,1069,0,1069,440,0,55,140000
552,6000,0,620,928,928,0,928,288,0,0,112500
553,11146,250,1709,1709,1717,0,1717,908,169,39,255500
554,8777,0,0,0,1126,0,1126,520,0,96,108000
555,10625,292,132,998,1006,1040,2046,871,320,62,284000
556,6380,0,993,993,1048,0,1048,280,0,0,113000
557,14850,0,197,1092,1092,0,1092,299,268,0,141000
558,11040,0,0,637,897,439,1336,570,0,47,108000
559,21872,0,125,729,729,717,1446,406,264,22,175000
560,3196,18,1374,1374,1557,0,1557,420,143,20,234000
561,11341,180,90,1392,1392,0,1392,528,0,0,121500
562,10010,0,195,1389,1389,0,1389,418,240,38,170000
563,13907,0,706,996,996,0,996,0,144,0,108000
564,21780,0,1163,1163,1163,511,1674,396,72,36,185000
565,13346,0,367,1095,1166,1129,2295,590,0,40,268000
566,6858,0,806,806,841,806,1647,216,0,66,128000
567,11198,245,1122,1122,1134,1370,2504,656,144,39,325000
568,10171,168,1515,1517,1535,0,1535,532,0,0,214000
569,12327,0,55,1496,1496,636,2132,612,349,40,316600
570,7032,0,0,943,943,0,943,600,42,0,135960
571,13101,108,1497,1728,1728,0,1728,576,0,0,142600
572,7332,207,450,864,864,0,864,288,168,0,120000
573,13159,0,846,846,846,846,1692,650,208,114,224500
574,9967,0,384,384,774,656,1430,400,100,0,170000
575,10500,82,23,372,576,533,1109,288,35,0,139000
576,8480,0,390,832,832,384,1216,336,158,0,118500
577,6292,0,861,861,877,600,1477,216,0,50,145000
578,11777,97,285,1164,1320,0,1320,564,160,68,164500
579,3604,0,689,689,703,689,1392,540,0,102,146000
580,12150,335,1050,1050,1050,745,1795,352,0,0,131500
581,14585,85,331,1144,1429,0,1429,572,216,110,181900
582,12704,306,2042,2042,2042,0,2042,1390,0,90,253293
583,11841,104,0,816,816,0,816,0,0,32,118500
584,13500,0,1237,1237,1521,1254,2775,880,105,502,325000
585,6120,0,884,884,989,584,1573,240,0,0,133000
586,11443,208,408,1868,2028,0,2028,880,326,66,369900
587,10267,0,0,816,838,0,838,275,0,0,130000
588,8740,0,168,840,860,0,860,528,0,0,137000
589,25095,0,113,1437,1473,0,1473,452,0,48,143000
590,9100,0,742,742,779,0,935,308,0,0,79500
591,8320,0,280,770,770,812,1582,520,0,45,185900
592,13478,420,384,1722,1728,568,2296,842,382,274,451950
593,6600,0,0,816,816,0,816,816,0,0,138000
594,4435,170,163,848,848,0,848,420,140,0,140000
595,7990,0,924,924,924,0,924,280,0,0,110000
596,11302,238,392,1814,1826,0,1826,758,180,75,319000
597,3600,0,684,684,684,684,1368,216,0,158,114504
598,3922,72,1258,1258,1402,0,1402,648,120,16,194201
599,12984,459,0,1430,1647,0,1647,621,0,0,217500
600,1950,0,23,716,716,840,1556,452,161,0,151000
601,10927,280,512,1058,1058,846,1904,736,179,60,275000
602,9000,0,780,780,780,595,1375,544,0,162,141000
603,10041,0,119,908,927,988,1915,506,120,150,220000
604,3182,0,600,600,600,600,1200,480,0,172,151000
605,12803,99,572,1494,1494,0,1494,530,192,36,221000
606,13600,176,314,768,1186,800,1986,486,0,42,205000
607,12464,0,308,1040,1040,0,1040,576,168,0,152000
608,7800,0,293,896,1112,896,2008,230,103,0,225000
609,12168,0,537,965,1940,1254,3194,380,0,0,359100
610,7943,192,126,1029,1029,0,1029,261,64,0,118500
611,11050,204,536,1440,1476,677,2153,736,253,142,313000
612,10395,233,427,1032,1032,0,1032,564,0,0,148000
613,11885,108,309,1299,1299,573,1872,531,160,122,261500
614,8402,0,914,1120,1120,0,1120,0,0,30,147000
615,1491,0,0,630,630,0,630,0,96,24,75500
616,8800,156,173,936,1054,0,1054,480,120,0,137500
617,7861,0,326,783,807,702,1509,393,100,75,183200
618,7227,0,832,832,832,0,832,528,0,0,105500
619,11694,452,1774,1822,1828,0,1828,774,0,108,314813
620,12244,226,611,1482,1482,780,2262,749,168,0,305000
621,8248,0,823,864,864,0,864,0,0,0,67000
622,10800,0,384,1522,1548,1066,2614,624,38,243,240000
623,7064,153,420,980,980,0,980,484,192,0,135000
624,2117,513,336,756,756,756,1512,440,0,32,168500
625,10400,288,485,732,1012,778,1790,484,148,0,165150
626,10000,261,1116,1116,1116,0,1116,440,0,0,160000
627,12342,0,978,978,1422,0,1422,286,0,0,139900
628,9600,164,350,1156,1520,0,1520,364,0,0,153000
629,11606,192,390,1040,1040,1040,2080,504,335,0,135000
630,9020,259,288,1248,1350,0,1350,520,176,0,168500
631,9000,0,636,636,1089,661,1750,240,0,0,124000
632,4590,108,1530,1554,1554,0,1554,627,156,73,209500
633,11900,209,564,1386,1411,0,1411,544,192,0,82500
634,9250,0,108,1056,1056,0,1056,260,390,0,139400
635,6979,0,0,1056,1056,0,1056,576,264,56,144000
636,10896,0,1184,1440,1440,1440,3395,0,0,110,200000
637,6120,0,264,264,800,0,800,0,0,0,60000
638,6000,0,811,811,811,576,1387,256,0,0,93000
639,8777,0,796,796,796,0,796,0,328,0,85000
640,3982,0,366,1520,1567,0,1567,648,312,0,264561
641,12677,472,300,1518,1518,0,1518,588,185,140,274000
642,7050,0,319,1057,1057,872,1929,650,0,235,226000
643,13860,0,542,1952,2000,704,2704,538,269,111,345000
644,10793,263,0,780,780,840,1620,462,208,0,152000
645,9187,162,645,1766,1766,0,1766,478,195,130,370878
646,10530,0,664,981,981,0,981,576,0,312,143250
647,7200,0,0,0,1048,0,1048,420,0,27,98300
648,10452,216,594,1094,1094,0,1094,495,0,0,155000
649,7700,351,756,756,1051,788,1839,442,0,124,155000
650,1936,0,0,630,630,0,630,0,0,0,84500
651,8125,,813,813,822,843,1665,562,0,0,205950
652,9084,0,755,755,755,755,1510,296,120,0,108000
653,8750,0,880,880,909,807,1716,512,0,120,191000
654,10320,0,756,756,756,713,1469,216,57,0,135000
655,10437,660,413,2109,2113,0,2113,839,236,46,350000
656,1680,381,525,525,525,567,1092,264,0,0,88000
657,10007,54,247,1053,1053,0,1053,312,0,0,145500
658,7200,0,776,776,851,651,1502,270,0,0,149000
659,17503,0,912,912,912,546,1458,330,192,0,97500
660,9937,0,849,1486,1486,0,1486,480,0,0,167000
661,12384,233,793,793,1142,793,1935,550,0,113,197900
662,46589,528,88,1629,1686,762,2448,711,517,76,402000
663,13560,216,1392,1392,1392,0,1392,576,0,0,110000
664,10012,0,38,1138,1181,0,1181,588,0,0,137500
665,20896,0,356,2077,2097,0,2097,1134,192,267,423000
666,11194,40,1406,1406,1454,482,1936,504,188,124,230500
667,18450,113,111,1021,1465,915,2380,596,0,265,129000
668,8125,258,270,1408,1679,0,1679,575,224,42,193500
669,14175,0,200,1188,1437,0,1437,576,304,0,168000
670,11600,0,700,700,1180,0,1180,252,0,0,137500
671,8633,0,545,738,738,738,1476,540,100,35,173500
672,6629,0,121,672,697,672,1369,300,147,0,103600
673,11250,0,441,1208,1208,0,1208,546,198,42,165000
674,14442,106,291,1477,1839,0,1839,416,0,87,257500
675,9200,0,244,1136,1136,0,1136,384,426,0,140000
676,2289,0,544,855,855,586,1441,440,28,0,148500
677,9600,0,1095,1095,1095,679,1774,779,0,0,87000
678,9022,0,768,768,792,0,792,240,316,0,109500
679,11844,464,2046,2046,2046,0,2046,834,322,82,372500
680,9945,57,161,988,988,0,988,572,0,0,128500
681,8012,0,261,923,923,0,923,264,80,0,143000
682,4500,0,611,793,848,672,1520,281,0,0,159434
683,2887,0,288,1291,1291,0,1291,431,307,0,173000
684,11248,215,567,1626,1668,0,1668,702,257,45,285000
685,16770,30,1195,1195,1195,644,1839,486,0,81,221000
686,5062,0,180,1190,1190,900,2090,577,219,0,207500
687,10207,0,874,874,874,887,1761,578,144,105,227875
688,5105,0,312,551,551,551,1102,480,0,60,148800
689,8089,0,474,1419,1419,0,1419,567,140,0,392000
690,7577,256,1342,1362,1362,0,1362,460,192,28,194700
691,4426,147,151,848,848,0,848,420,149,0,141000
692,21535,1170,989,2444,2444,1872,4316,832,382,50,755000
693,26178,293,245,1210,1238,1281,2519,628,320,27,335000
694,5400,0,1073,1073,1073,0,1073,326,0,0,108480
695,6120,0,927,927,1067,472,1539,576,112,0,141500
696,13811,72,92,1112,1137,0,1137,551,125,0,176000
697,6000,0,0,616,616,0,616,205,0,0,89000
698,6420,0,219,980,1148,0,1148,308,0,0,123500
699,8450,0,224,894,894,0,894,336,416,144,138500
700,4282,0,1375,1391,1391,0,1391,530,156,158,196000
701,14331,630,526,1800,1800,0,1800,765,270,78,312500
702,9600,168,1164,1164,1164,0,1164,528,0,0,140000
703,12438,466,1234,1234,1264,1312,2576,666,324,100,361919
704,7630,0,360,360,1032,780,1812,672,344,0,140000
705,8400,109,761,1473,1484,0,1484,606,0,35,213000
706,5600,0,0,0,372,720,1092,0,0,0,55000
707,115149,351,424,1643,1824,0,1824,739,380,48,302000
708,6240,176,461,1324,1324,0,1324,550,192,38,254000
709,9018,0,728,728,728,728,1456,400,100,24,179540
710,7162,41,876,876,904,0,904,408,0,0,109900
711,4130,0,270,270,729,0,729,0,0,0,52000
712,8712,0,859,859,859,319,1178,384,68,0,102776
713,4671,0,461,1228,1228,0,1228,472,168,120,189000
714,9873,160,171,960,960,0,960,576,0,288,129000
715,13517,289,192,725,725,754,1479,475,0,44,130500
716,10140,174,1064,1064,1350,0,1350,478,0,0,165000
717,10800,0,718,718,1576,978,2554,704,0,48,159500
718,10000,0,92,1176,1178,0,1178,439,224,0,157000
719,10542,651,138,1311,1325,1093,2418,983,250,154,341000
720,9920,0,448,971,971,0,971,300,0,0,128500
721,6563,0,594,1742,1742,0,1742,564,114,28,275000
722,4426,169,186,848,848,0,848,420,160,0,143000
723,8120,0,673,864,864,0,864,463,0,0,124500
724,8172,0,941,941,997,473,1470,548,0,0,135000
725,13286,340,464,1698,1698,0,1698,768,327,64,320000
726,6960,0,250,864,864,0,864,660,96,0,120500
727,21695,260,72,880,1680,0,1680,540,292,44,222000
728,7314,82,508,1232,1232,0,1232,632,132,0,194500
729,11475,95,1584,1584,1776,0,1776,888,0,25,110000
730,6240,0,628,780,848,0,1208,539,0,23,103000
731,5389,0,415,1595,1616,0,1616,608,237,152,236500
732,9590,442,82,868,1146,0,1146,438,160,22,187500
733,11404,202,901,1153,1153,878,2031,541,192,84,222500
734,10000,0,270,864,1144,0,1144,264,165,0,131400
735,8978,0,948,948,948,0,948,300,147,0,108000
736,10800,0,490,880,880,888,1768,320,0,341,163000
737,8544,0,0,0,1040,0,1040,400,0,0,93500
738,10463,0,893,893,901,900,1801,800,0,116,239900
739,10800,0,0,1200,1200,0,1200,0,120,0,179000
740,9313,0,864,864,864,864,1728,572,187,56,190000
741,9600,0,264,264,768,664,1432,360,270,0,132000
742,6768,0,80,912,912,0,912,288,168,0,142000
743,8450,108,1349,1349,1349,0,1349,539,120,55,179000
744,12886,0,76,520,1464,0,1464,480,302,0,175000
745,5395,0,604,1337,1337,0,1337,462,96,0,180000
746,8963,289,487,1142,1175,1540,2715,831,0,204,299800
747,8795,0,652,952,980,1276,2256,554,224,54,236000
748,11700,0,1240,1240,1320,1320,2640,864,181,0,265979
749,10593,338,801,1720,1720,0,1720,527,240,56,260400
750,8405,0,0,0,1088,441,1529,240,92,0,98000
751,8800,0,576,576,792,348,1140,0,0,160,96500
752,7750,0,660,660,660,660,1320,400,0,48,162000
753,9236,0,279,1479,1494,0,1494,576,168,27,217000
754,10240,178,1030,1030,1038,1060,2098,878,192,52,275500
755,7930,0,115,1026,1026,0,1026,440,171,48,156000
756,3230,894,348,729,742,729,1471,440,0,24,172500
757,10769,0,846,866,866,902,1768,578,144,105,212000
758,11616,328,234,672,672,714,1386,440,335,0,158900
759,2280,360,195,744,757,744,1501,440,0,0,179400
760,12257,513,1198,1318,1328,1203,2531,752,222,98,290000
761,9100,0,252,864,864,0,864,300,0,0,127500
762,6911,0,740,1145,1301,0,1301,440,0,0,100000
763,8640,0,732,756,764,783,1547,614,169,45,215200
764,9430,673,89,1252,1268,1097,2365,856,0,128,337000
765,9549,0,0,1494,1494,0,1494,481,0,30,270000
766,14587,284,1498,1498,1506,0,1506,592,0,174,264132
767,10421,42,586,980,980,734,1714,496,228,66,196500
768,12508,0,323,983,983,767,1750,423,245,0,160000
769,9100,0,1836,1860,1836,0,1836,484,120,33,216837
770,53504,603,234,1650,1690,1589,3279,841,503,36,538000
771,7252,0,173,858,858,0,858,576,120,0,134900
772,8877,0,0,836,1220,0,1220,396,0,0,102000
773,7819,0,480,1029,1117,0,1117,672,144,0,107000
774,10150,1,456,912,912,0,912,275,0,0,114500
775,14226,375,1935,1935,1973,0,1973,895,315,45,395000
776,4500,320,338,1204,1204,0,1204,412,0,247,162000
777,11210,240,1594,1614,1614,0,1614,865,144,59,221500
778,13350,0,102,864,894,0,894,440,241,0,142500
779,8400,320,0,0,2020,0,2020,630,0,0,144000
780,10530,90,0,975,1004,0,1004,504,0,0,135000
781,7875,38,1237,1237,1253,0,1253,402,220,21,176000
782,7153,0,374,761,810,793,1603,484,0,124,175900
783,16285,0,1413,1413,1430,0,1430,605,0,33,187100
784,9101,104,0,1097,1110,0,1110,602,303,30,165500
785,6300,0,742,742,742,742,1484,0,0,291,128000
786,9790,0,491,1372,1342,0,1342,457,0,0,161500
787,10800,0,0,686,966,686,1652,416,0,0,139000
788,10142,0,300,956,956,1128,2084,618,0,45,233000
789,6000,0,901,901,901,0,901,281,0,0,107900
790,12205,157,264,832,976,1111,2087,444,133,168,187500
791,3182,11,1129,1145,1145,0,1145,397,100,16,160200
792,11333,0,490,1029,1062,0,1062,539,120,0,146800
793,9920,0,255,1117,1127,886,2013,455,180,130,269790
794,9158,140,1496,1496,1496,0,1496,474,168,130,225000
795,10832,0,712,712,1086,809,1895,409,143,46,194500
796,8400,130,650,650,888,676,1564,476,0,50,171000
797,8197,148,660,660,1285,0,1285,528,138,0,143500
798,7677,0,203,773,773,0,773,240,0,0,110000
799,13518,860,1926,1926,1966,1174,3140,820,144,78,485000
800,7200,252,162,731,981,787,1768,240,0,0,175000
801,12798,0,154,616,616,1072,1688,603,403,114,200000
802,4800,0,999,1196,1196,0,1196,440,0,0,109900
803,8199,0,80,728,728,728,1456,410,36,18,189000
804,13891,424,1734,1734,1734,1088,2822,1020,52,170,582933
805,9000,0,124,936,1128,0,1128,286,0,0,118000
806,12274,256,1417,1417,1428,0,1428,554,0,60,227680
807,9750,0,100,980,980,0,980,384,68,0,135500
808,21384,0,15,1324,1072,504,1576,528,0,312,223500
809,13400,1047,380,1024,1086,0,1086,484,0,0,159950
810,8100,0,849,849,1075,1063,2138,360,40,156,106000
811,10140,99,0,1040,1309,0,1309,484,265,0,181000
812,4438,169,186,848,848,0,848,420,140,0,144500
813,8712,0,540,540,1044,0,1044,504,0,0,55993
814,9750,243,834,1442,1442,0,1442,301,0,0,157900
815,8248,0,686,686,686,564,1250,280,207,0,116000
816,12137,442,1649,1649,1661,0,1661,598,0,34,224900
817,11425,0,522,1008,1008,0,1008,275,0,0,137000
818,13265,148,350,1568,1689,0,1689,857,150,59,271000
819,8816,80,506,1010,1052,0,1052,440,0,0,155000
820,6371,128,625,1358,1358,0,1358,484,192,35,224000
821,7226,0,798,798,798,842,1640,595,0,45,183000
822,6000,0,936,936,936,0,936,576,0,32,93000
823,12394,0,847,847,847,886,1733,433,100,48,225000
824,9900,0,778,778,944,545,1489,240,335,0,139500
825,11216,0,1489,1489,1489,0,1489,776,0,140,232600
826,14803,816,442,2078,2084,0,2084,1220,188,45,385000
827,6130,0,0,784,784,0,784,0,0,0,109500
828,8529,0,1434,1454,1434,0,1434,527,290,39,189000
829,28698,0,0,1013,1160,966,2126,538,486,0,185000
830,2544,0,600,600,520,623,1223,480,0,166,147400
831,11900,387,352,1392,1392,0,1392,458,0,0,166000
832,3180,0,600,600,520,600,1200,480,0,166,151000
833,9548,223,458,941,941,888,1829,613,192,39,237000
834,10004,180,975,1516,1516,0,1516,472,0,0,167000
835,7875,136,572,1144,1144,0,1144,456,0,0,139950
836,9600,0,625,1067,1067,0,1067,436,290,0,128000
837,8100,0,1221,1559,1559,0,1559,812,0,116,153500
838,1680,158,153,483,483,504,987,264,0,0,100000
839,9525,0,1099,1099,1099,0,1099,352,278,0,144000
840,11767,0,416,768,768,432,1200,240,0,0,130500
841,12155,0,516,672,810,672,1482,400,0,0,140000
842,10440,0,650,650,958,581,1539,686,70,78,157500
843,9020,183,276,1127,1165,0,1165,490,0,129,174900
844,8000,0,1800,1800,1800,0,1800,0,0,0,141000
845,12665,0,876,876,876,540,1416,720,418,0,153900
846,16647,0,0,1390,1701,0,1701,611,0,0,171000
847,9317,137,227,740,1006,769,1775,425,234,72,213000
848,15523,0,404,864,864,0,864,338,0,0,133500
849,45600,0,907,907,1307,1051,2358,360,486,40,240000
850,9600,360,528,528,1094,761,1855,512,113,100,187000
851,4435,170,189,848,848,0,848,420,140,0,131500
852,3196,40,1273,1273,1456,0,1456,400,143,20,215000
853,7128,0,554,918,918,728,1646,240,0,0,164000
854,12095,115,563,1127,1445,0,1445,645,180,0,158000
855,17920,0,372,1763,1779,0,1779,454,0,418,170000
856,6897,0,381,1040,1040,0,1040,260,0,104,127000
857,10970,0,0,940,1026,0,1026,576,0,0,147000
858,8125,0,702,702,702,779,1481,343,0,36,174000
859,10400,189,1090,1090,1370,0,1370,479,0,0,152000
860,11029,220,435,1054,1512,1142,2654,619,0,65,250000
861,7642,0,912,912,912,514,1426,216,0,240,189950
862,11625,0,198,1039,1039,0,1039,504,0,0,131500
863,9672,0,702,1040,1097,0,1097,480,0,0,152000
864,7931,0,0,1148,1148,0,1148,672,0,0,132500
865,8640,0,1372,1372,1372,0,1372,529,0,140,250580
866,8750,76,174,1002,1002,0,1002,902,0,0,148500
867,10656,274,1638,1638,1646,0,1646,870,192,80,248900
868,6970,0,108,1040,1120,0,1120,544,168,0,129000
869,14762,0,0,0,1547,720,2320,672,120,144,169000
870,9938,246,300,1050,1062,887,1949,574,156,90,236000
871,6600,0,894,894,894,0,894,308,0,0,109500
872,8750,116,299,804,804,878,1682,523,0,77,200500
873,8892,0,105,105,910,0,910,414,196,0,116000
874,12144,0,457,832,1036,0,1268,288,0,28,133000
875,5720,0,676,676,676,455,1131,200,26,0,66500
876,9000,0,1120,1184,1184,1426,2610,550,208,364,303477
877,25286,0,431,1064,1040,0,1040,648,0,0,132250
878,8834,216,292,1462,1462,762,2224,738,184,0,350000
879,11782,0,210,1109,1155,0,1155,576,192,0,148000
880,7000,90,218,864,864,0,864,336,0,0,136500
881,7024,0,110,1090,1090,0,1090,450,0,49,157000
882,13758,117,254,1156,1187,530,1717,400,168,36,187500
883,9636,0,808,808,808,785,1593,389,342,40,178000
884,6204,0,795,795,954,795,2230,440,0,188,118500
885,7150,60,460,892,892,0,892,288,0,0,100000
886,5119,60,460,1698,1709,0,1709,506,97,65,328900
887,8393,122,1098,1626,1712,0,1712,588,272,54,145000
888,16466,0,816,816,872,521,1393,300,121,0,135500
889,15865,0,1043,2217,2217,0,2217,621,81,207,268000
890,12160,90,481,1505,1505,0,1505,505,0,0,149500
891,8064,0,672,672,672,252,924,576,0,0,122900
892,11184,92,192,918,918,765,1683,440,243,0,172500
893,8414,0,396,1059,1068,0,1068,264,192,0,154500
894,13284,0,319,1383,1383,0,1383,354,511,116,165000
895,7018,0,0,0,1535,0,1535,400,0,0,118858
896,7056,415,380,780,983,813,1796,483,0,50,140000
897,8765,0,666,951,951,0,951,327,0,28,106500
898,7018,0,0,0,1120,1120,2240,528,154,0,142953
899,12919,760,142,2330,2364,0,2364,820,0,67,611657
900,6993,0,447,912,1236,0,1236,288,0,0,135000
901,7340,0,536,858,858,0,858,684,0,0,110000
902,8712,0,132,992,1306,0,1306,756,0,0,153000
903,7875,0,783,783,807,702,1509,393,0,75,180000
904,14859,27,1670,1670,1670,0,1670,690,144,60,240000
905,6173,75,277,876,902,0,902,288,0,0,125500
906,9920,110,412,1056,1063,0,1063,280,0,0,128000
907,13501,208,1560,1623,1636,0,1636,865,0,60,255000
908,11500,0,794,1017,1020,1037,2057,180,0,0,250000
909,8885,0,239,864,902,0,902,484,164,0,131000
910,12589,0,742,742,742,742,1484,390,36,24,174000
911,11600,361,662,1105,1105,1169,2274,480,0,0,154300
912,9286,0,1072,1268,1268,0,1268,252,173,0,143500
913,6120,0,279,768,1015,0,1015,450,0,0,88000
914,6270,0,717,1001,1001,1001,2002,871,0,0,145000
915,3000,76,318,612,612,612,1224,528,0,234,173733
916,2001,80,546,546,546,546,1092,286,0,0,75000
917,9000,0,430,480,480,0,480,308,0,0,35311
918,17140,0,75,1134,1229,0,1229,284,0,0,135000
919,13125,0,422,1104,912,1215,2127,833,72,192,238000
920,11029,0,245,1184,1414,0,1414,601,0,51,176500
921,8462,105,114,928,936,785,1721,471,300,87,201000
922,8777,0,188,1272,1272,928,2200,0,0,70,145900
923,10237,0,1288,1316,1316,0,1316,397,100,0,169990
924,8012,0,598,1604,1617,0,1617,533,0,69,193000
925,10240,157,0,1686,1686,0,1686,612,384,131,207500
926,15611,0,266,1126,1126,0,1126,540,180,0,175000
927,11999,340,1181,1181,1234,1140,2374,656,104,100,285000
928,9900,342,280,832,1098,880,1978,486,0,43,176000
929,11838,0,1753,1753,1788,0,1788,522,202,151,236500
930,13006,285,964,964,993,1243,2236,642,0,0,222000
931,8925,0,1450,1466,1466,0,1466,610,100,18,201000
932,9100,0,121,925,925,0,925,429,0,0,117500
933,11670,302,1905,1905,1905,0,1905,788,0,191,320000
934,8487,210,1480,1500,1500,0,1500,570,192,36,190000
935,27650,0,160,585,2069,0,2069,505,0,0,242000
936,5825,108,600,600,747,0,747,528,0,0,79900
937,10083,,343,1176,1200,0,1200,555,0,41,184900
938,9675,0,772,1113,1113,858,1971,689,0,48,253000
939,8760,0,927,1391,1391,571,1962,868,0,90,239799
940,24090,0,1032,1032,1207,1196,2403,349,56,0,244400
941,12640,0,396,1728,1728,0,1728,574,40,0,150900
942,8755,298,220,992,1022,1038,2060,390,0,0,214000
943,7711,0,0,1440,1440,0,1440,0,321,0,150000
944,25000,0,1632,1632,1632,0,1632,576,0,0,143000
945,14375,541,354,819,1344,0,1344,525,0,118,137500
946,8820,0,0,1088,1188,561,1869,456,48,0,124900
947,8163,128,102,1144,1144,0,1144,796,86,0,143000
948,14536,236,316,1616,1629,0,1629,808,0,252,270000
949,14006,144,936,936,936,840,1776,474,144,96,192500
950,9360,0,179,1161,1381,0,1381,676,0,0,197500
951,7200,0,317,864,864,0,864,720,194,0,129000
952,7800,0,187,828,965,0,965,300,421,0,119900
953,7200,0,108,768,768,0,768,396,192,0,133900
954,11075,232,29,784,1168,800,1968,530,305,189,172000
955,9400,250,0,945,980,0,980,0,0,0,127500
956,7136,423,495,979,979,979,1958,492,0,0,145000
957,1300,0,276,561,561,668,1229,462,150,0,124000
958,7420,0,640,1057,1057,0,1057,576,0,0,132000
959,8450,0,638,1337,1337,0,1337,531,0,39,185000
960,2572,0,92,696,696,720,1416,484,0,44,155000
961,7207,0,162,858,858,0,858,0,117,0,116500
962,12227,424,434,1330,1542,1330,2872,619,550,282,272000
963,2308,0,248,804,804,744,1548,440,48,0,155000
964,11923,0,1800,1800,1800,0,1800,702,288,136,239000
965,11316,44,193,817,824,1070,1894,510,0,40,214900
966,10237,0,783,783,783,701,1484,393,0,72,178900
967,9600,0,300,728,976,332,1308,256,0,70,160000
968,7390,151,196,1098,1098,0,1098,260,0,0,135000
969,5925,0,600,600,600,368,968,0,0,0,37900
970,10382,105,75,588,1095,0,1095,264,0,0,140000
971,10800,0,720,720,720,472,1192,0,0,0,135000
972,2268,106,197,764,764,862,1626,474,0,27,173000
973,7892,0,918,918,918,0,918,264,28,0,99500
974,11639,,1428,1428,1428,0,1428,480,0,120,182000
975,11414,0,728,728,1136,883,2019,532,509,135,167500
976,2651,0,32,673,673,709,1382,490,153,50,165000
977,5900,0,440,440,869,0,869,0,0,0,85500
978,4274,,135,1241,1241,0,1241,569,0,116,199900
979,9450,0,342,894,894,0,894,400,0,0,110000
980,8816,0,470,1121,1121,0,1121,480,0,80,139000
981,12122,210,77,944,999,0,999,588,144,76,178400
982,12203,975,371,1225,1276,1336,2612,676,250,0,336000
983,3182,16,1266,1266,1266,0,1266,388,100,16,159895
984,11250,0,1128,1128,1149,1141,2290,779,0,0,255900
985,10125,0,0,0,1302,432,1734,539,0,0,126000
986,10880,0,124,1164,1164,0,1164,240,0,48,125000
987,5310,0,485,485,1001,634,1635,255,394,0,117000
988,10159,450,284,1930,1940,0,1940,606,168,95,395192
989,12046,298,692,848,1118,912,2030,551,0,224,195000
990,8125,0,770,770,778,798,1576,614,0,50,197000
991,9452,423,322,1396,1407,985,2392,870,0,70,348000
992,17671,0,700,916,916,826,1742,424,0,169,168000
993,9760,340,169,822,1020,831,1851,440,239,42,187000
994,8846,0,750,750,750,750,1500,564,0,35,173900
995,12456,230,528,1700,1718,0,1718,786,216,48,337500
996,4712,0,363,747,774,456,1230,305,0,57,121600
997,10659,0,135,1050,1050,0,1050,368,0,319,136500
998,11717,571,1442,1442,1442,0,1442,615,371,0,185000
999,9786,0,1007,1007,1077,0,1077,210,0,100,91000
1000,6762,24,501,1187,1208,0,1208,632,105,61,206000
1001,10206,0,0,0,944,0,944,528,0,0,82000
1002,5400,0,691,691,691,0,691,216,0,20,86000
1003,11957,53,1550,1574,1574,0,1574,824,144,104,232000
1004,11500,164,1680,1680,1680,0,1680,528,0,0,136905
1005,3182,16,1330,1346,1504,0,1504,457,156,0,181000
1006,8385,220,390,985,985,0,985,328,210,0,149900
1007,12155,0,420,1657,1657,0,1657,484,0,0,163500
1008,2217,0,0,546,546,546,1092,286,238,0,88000
1009,12118,108,1710,1710,1710,0,1710,550,100,48,240000
1010,6000,0,1008,1008,1008,0,1522,0,0,0,102000
1011,21286,0,720,720,720,551,1271,312,0,0,135000
1012,9825,0,0,0,1664,0,1664,0,0,0,100000
1013,10592,0,602,602,900,602,1502,180,96,0,165000
1014,7200,0,310,1022,1022,0,1022,280,0,30,85000
1015,11664,206,746,1082,1082,0,1082,240,0,130,119200
1016,8400,0,167,810,810,855,1665,528,0,45,227000
1017,11883,196,814,1504,1504,0,1504,478,115,66,203000
1018,5814,0,184,1220,1360,0,1360,565,63,0,187500
1019,10784,76,384,384,802,670,1472,402,164,0,160000
1020,3013,145,1346,1362,1506,0,1506,440,142,20,213490
1021,7024,0,108,1132,1132,0,1132,451,252,64,176000
1022,7406,84,515,1199,1220,0,1220,632,105,54,194000
1023,9439,0,588,912,912,336,1248,160,0,0,87000
1024,3182,14,1330,1346,1504,0,1504,437,156,20,191000
1025,15498,0,0,1565,2898,0,2898,665,0,72,287000
1026,7700,0,276,882,882,0,882,461,96,0,112500
1027,9300,324,571,1268,1264,0,1264,461,0,0,167500
1028,9520,338,125,1638,1646,0,1646,800,192,44,293077
1029,9492,0,359,768,968,408,1376,240,0,0,105000
1030,1680,281,355,672,672,546,1218,264,0,28,118000
1031,7082,0,686,686,948,980,1928,0,0,0,160000
1032,15863,0,301,824,1687,998,3082,672,136,63,197000
1033,14541,0,326,1338,1352,1168,2520,796,209,55,310000
1034,8125,295,668,1654,1654,0,1654,900,0,136,230000
1035,6305,0,920,920,954,0,954,240,0,0,119750
1036,11500,0,0,0,845,0,845,290,186,0,84000
1037,12898,70,598,1620,1620,0,1620,912,228,0,315500
1038,9240,396,1055,1055,1055,1208,2263,905,0,45,287000
1039,1533,0,546,546,798,546,1344,0,0,0,97000
1040,1477,0,121,630,630,0,630,286,0,0,80000
1041,13125,67,284,1134,1803,0,1803,484,0,0,155000
1042,9130,252,336,800,800,832,1632,484,0,40,173000
1043,5381,135,406,1306,1306,0,1306,624,170,63,196000
1044,11839,99,390,1475,1532,797,2329,514,192,121,262280
1045,9600,0,1420,2524,2524,0,2524,542,474,120,278000
1046,13680,0,0,0,1733,0,1733,452,0,0,139600
1047,16056,208,1752,1992,1992,876,2868,716,214,108,556581
1048,9245,0,304,990,990,0,990,672,0,0,145000
1049,21750,75,0,0,1771,0,1771,336,0,0,115000
1050,11100,0,0,0,930,0,930,308,0,0,84900
1051,8993,0,1302,1302,1302,0,1302,436,0,22,176485
1052,11175,0,1316,1316,1316,0,1316,440,0,20,200141
1053,9500,272,374,816,1127,850,1977,540,0,52,165000
1054,8562,145,833,1216,1526,0,1526,364,116,78,144500
1055,11367,210,133,1065,1091,898,1989,586,199,60,255000
1056,11361,160,549,1193,1523,0,1523,478,0,0,180000
1057,7052,240,705,1364,1364,0,1364,484,192,36,185850
1058,29959,0,378,973,979,871,1850,467,168,98,248000
1059,11308,154,168,1104,1130,1054,2184,836,0,102,335000
1060,11275,480,0,854,1096,895,1991,432,0,0,220000
1061,4920,0,722,1338,1338,0,1338,582,0,0,213500
1062,18000,0,894,894,894,0,894,1248,0,20,81000
1063,13600,0,662,662,1422,915,2337,560,0,57,90000
1064,6000,0,706,1103,1103,0,1103,440,166,120,110500
1065,11000,200,184,1154,1154,0,1154,480,0,58,154000
1066,14000,0,105,1306,1306,954,2260,533,296,44,328000
1067,7837,0,799,799,799,772,1571,380,0,40,178000
1068,9760,360,0,780,798,813,1611,442,328,128,167900
1069,3964,0,105,942,1291,1230,2521,576,728,20,151400
1070,9600,0,625,845,893,0,893,576,0,0,135000
1071,10152,120,462,1048,1048,0,1048,286,0,20,135000
1072,11700,0,429,727,829,727,1556,441,0,0,154000
1073,7585,0,810,810,1002,454,1456,280,0,0,91500
1074,7950,140,155,690,698,728,1426,440,252,0,159500
1075,8556,0,1240,1240,1240,0,1240,826,140,93,194000
1076,13125,0,390,800,960,780,1740,240,0,0,219500
1077,10800,0,170,796,1096,370,1466,566,436,21,170000
1078,15870,0,230,1096,1096,0,1096,299,240,32,138800
1079,4435,169,186,848,848,0,848,420,140,0,155900
1080,8775,0,495,990,990,0,990,299,0,64,126000
1081,11040,144,602,1258,1258,0,1258,528,55,0,145000
1082,7500,0,216,1040,1040,0,1040,308,0,0,133000
1083,8749,100,1459,1459,1459,0,1459,527,192,39,192000
1084,8800,425,698,1251,1251,0,1251,461,0,116,160000
1085,13031,0,99,691,691,807,1498,409,315,44,187500
1086,9069,0,189,936,996,0,996,564,120,0,147000
1087,1974,0,212,546,546,546,1092,286,120,96,83500
1088,10574,0,1082,1082,1082,871,1953,1043,160,50,252000
1089,2522,50,970,970,970,739,1709,380,0,40,137500
1090,3316,0,208,1247,1247,0,1247,550,0,84,197000
1091,8544,0,0,0,1040,0,1040,400,0,0,92900
1092,2160,212,90,600,624,628,1252,462,0,48,160000
1093,8400,0,758,1181,1390,304,1694,576,342,0,136500
1094,9230,166,203,864,1200,0,1200,884,0,64,146000
1095,5868,0,448,936,936,0,936,308,0,0,129000
1096,9317,0,1290,1314,1314,0,1314,440,0,22,176432
1097,6882,0,684,684,773,582,1355,0,136,0,127000
1098,3696,0,1074,1074,1088,0,1088,461,0,74,170000
1099,6000,0,0,672,757,567,1324,240,0,0,128000
1100,11880,206,567,1271,1601,0,1601,478,0,0,157000
1101,8400,0,0,290,438,0,438,246,0,0,60000
1102,9758,0,251,950,950,0,950,280,0,0,119500
1103,7000,45,422,1010,1134,0,1134,254,0,16,135000
1104,8910,0,0,655,1194,0,1194,539,0,0,159500
1105,2016,304,630,630,630,672,1302,440,0,0,106000
1106,12256,362,431,1463,1500,1122,2622,712,186,32,325000
1107,10357,0,172,910,1442,0,1442,719,0,244,179900
1108,23257,0,868,868,887,1134,2021,422,0,100,274725
1109,8063,0,924,924,948,742,1690,463,100,48,181000
1110,11362,42,797,1836,1836,0,1836,862,125,185,280000
1111,8000,0,554,773,773,885,1658,431,224,84,188000
1112,10480,660,400,803,1098,866,1964,483,0,69,205000
1113,7100,0,108,816,816,0,816,308,0,0,129900
1114,8923,0,365,1008,1008,0,1008,240,0,18,134500
1115,5400,0,418,833,833,0,833,326,0,0,117000
1116,12085,328,730,1734,1734,0,1734,928,0,0,318000
1117,7750,0,55,408,779,640,1419,527,120,0,184100
1118,9764,0,192,894,894,0,894,450,0,0,130000
1119,13825,0,533,533,1021,580,1601,300,280,34,140000
1120,7560,0,671,1040,1040,0,1040,286,140,0,133700
1121,8263,0,1012,1012,1012,0,1012,308,0,22,118400
1122,10084,196,1528,1552,1552,0,1552,782,144,20,212900
1123,8926,0,672,672,960,0,960,288,64,0,112000
1124,9405,0,698,698,698,0,698,0,0,200,118000
1125,9125,170,384,384,812,670,1482,392,100,25,163900
1126,10434,0,1005,1005,1005,0,1005,672,0,0,115000
1127,3684,130,1373,1373,1555,0,1555,660,143,20,174000
1128,14572,0,230,1530,1530,0,1530,630,144,36,259000
1129,11796,0,847,847,847,1112,1959,434,100,48,215000
1130,7200,180,0,936,936,0,936,672,49,0,140000
1131,7804,0,500,1122,1328,653,1981,576,431,44,135000
1132,10712,0,762,974,974,0,974,0,0,28,93500
1133,9900,0,1008,1008,1178,1032,2210,205,0,48,117500
1134,9828,0,544,1128,1142,878,2020,466,0,155,239500
1135,8773,0,916,916,916,684,1600,460,100,38,169000
1136,6180,0,960,960,986,0,986,180,0,128,102000
1137,9600,0,752,1032,1032,220,1252,288,0,0,119000
1138,6342,0,780,780,780,240,1020,0,0,0,94000
1139,9819,0,0,1567,1567,0,1567,714,264,32,196000
1140,8731,0,270,915,1167,0,1167,495,0,0,144000
1141,7350,0,100,952,952,0,952,840,0,0,139000
1142,10304,44,399,780,1088,780,1868,484,448,96,197500
1143,9965,340,316,1466,1466,1362,2828,1052,125,144,424870
1144,9000,0,718,1006,1006,0,1006,0,0,24,80000
1145,12180,0,324,672,672,252,924,280,0,0,80000
1146,6240,0,1042,1042,1042,534,1576,225,0,0,149000
1147,11200,85,40,1298,1298,0,1298,403,165,26,180000
1148,12000,0,429,704,860,704,1564,234,0,0,174500
1149,5700,0,572,572,572,539,1111,288,0,0,116900
1150,9000,0,26,650,832,650,1482,324,0,0,143000
1151,8280,0,932,932,932,0,932,306,0,0,124000
1152,17755,132,1290,1466,1466,0,1466,528,0,140,149900
1153,14115,0,230,1073,1811,0,1811,470,0,0,230000
1154,5890,0,278,816,816,0,816,432,0,0,120500
1155,13700,288,410,864,902,918,1820,492,60,84,201800
1156,10768,0,280,1437,1437,0,1437,528,0,21,218000
1157,9350,0,586,1219,1265,0,1265,502,0,92,179900
1158,5001,166,410,1314,1314,0,1314,626,172,62,230000
1159,11932,186,1580,1580,1580,0,1580,830,0,24,235128
1160,9120,270,459,901,943,933,1876,540,0,69,185000
1161,2280,0,544,855,855,601,1456,440,26,0,146000
1162,14778,72,568,1296,1640,0,1640,924,108,0,224000
1163,8724,0,402,894,894,0,894,450,0,0,129000
1164,12900,0,0,1198,1258,0,1258,400,120,0,108959
1165,16157,0,289,1360,1432,0,1432,588,168,180,194000
1166,9541,268,1502,1502,1502,0,1502,644,0,114,233170
1167,10475,72,1694,1694,1694,0,1694,776,160,33,245350
1168,10852,0,173,959,959,712,1671,472,0,38,173000
1169,13728,0,501,1127,1236,872,2108,540,0,0,235000
1170,35760,1378,543,1930,1831,1796,3627,807,361,76,625000
1171,9880,0,574,1096,1118,0,1118,358,203,0,171000
1172,9120,0,599,1261,1261,0,1261,433,0,0,163000
1173,4017,0,625,625,625,625,1250,625,0,54,171900
1174,18030,0,977,1598,1636,971,3086,0,122,0,200500
1175,16560,0,449,952,1170,1175,2345,360,0,0,239000
1176,10678,337,983,1683,2129,743,2872,541,0,33,285000
1177,6951,0,218,876,923,0,923,264,362,0,119500
1178,3950,0,350,818,818,406,1224,210,0,0,115000
1179,7681,0,731,731,820,523,1343,186,192,0,154900
1180,8335,0,0,0,1124,0,1124,0,0,36,93000
1181,11170,0,0,1216,1298,1216,2514,693,0,0,250000
1182,5587,186,120,1600,1652,0,1652,482,162,53,392500
1183,15623,0,300,2396,2411,2065,4476,813,171,78,745000
1184,10800,0,299,1120,1130,0,1130,720,229,0,120000
1185,35133,226,413,1572,1572,0,1572,995,0,263,186700
1186,9738,0,392,784,949,272,1221,392,0,0,104900
1187,10615,0,538,978,1014,685,1699,420,0,74,95000
1188,12461,0,168,1624,1624,0,1624,757,0,114,262000
1189,8935,95,831,831,831,829,1660,493,144,68,195000
1190,7500,0,994,994,1028,776,1804,442,140,60,189000
1191,32463,149,90,1249,1622,0,1622,1356,439,0,168000
1192,2645,456,776,776,764,677,1441,492,206,0,174000
1193,9600,0,702,702,842,630,1472,250,0,0,125000
1194,4500,425,341,1224,1224,0,1224,402,0,304,165000
1195,9364,143,292,663,663,689,1352,299,379,36,158000
1196,8029,0,728,728,728,728,1456,400,100,24,176000
1197,14054,0,879,879,879,984,1863,660,100,17,219210
1198,8850,0,815,815,815,875,1690,225,0,0,144000
1199,9100,0,1212,1212,1212,0,1212,573,356,0,178000
1200,11235,51,504,1051,1382,0,1382,459,0,82,148000
1201,9353,0,864,864,864,0,864,280,0,0,116050
1202,10400,0,866,866,866,913,1779,546,198,36,197900
1203,6000,0,884,884,884,464,1348,216,0,0,117000
1204,9750,171,1630,1630,1630,0,1630,451,74,234,213000
1205,10140,0,268,1056,1074,0,1074,495,0,88,153500
1206,14684,234,1496,2158,2196,0,2196,701,84,70,271900
1207,8900,0,0,1056,1056,0,1056,384,0,42,107000
1208,9135,120,1342,1682,1700,0,1700,544,192,23,200000
1209,7763,0,319,931,1283,0,1283,506,0,0,140000
1210,10182,420,440,1660,1660,0,1660,500,322,50,290000
1211,11218,0,1055,1055,1055,790,1845,462,635,104,189000
1212,12134,0,132,559,1080,672,1752,492,325,12,164000
1213,9340,0,328,672,672,0,672,234,0,113,113000
1214,10246,0,0,648,960,0,960,364,88,0,145000
1215,10205,0,141,925,999,0,999,300,150,72,134500
1216,7094,0,340,894,894,0,894,384,0,0,125000
1217,8930,0,0,0,1318,584,1902,539,0,0,112000
1218,8640,72,364,1300,1314,0,1314,552,135,112,229456
1219,6240,0,0,0,672,240,912,0,0,0,80500
1220,1680,236,672,672,672,546,1218,0,201,0,91500
1221,7800,0,0,912,912,0,912,288,0,0,115000
1222,8250,0,210,952,1211,0,1211,322,0,63,134000
1223,10496,320,844,1040,1168,678,1846,315,0,0,143000
1224,10680,44,1380,2136,2136,0,2136,528,0,30,137900
1225,15384,0,64,788,788,702,1490,388,100,75,184000
1226,10482,63,81,588,1138,0,1138,264,224,0,145000
1227,14598,74,894,894,894,1039,1933,668,100,18,214000
1228,8872,300,317,912,912,0,912,576,0,240,147000
1229,8769,766,162,1702,1702,0,1702,1052,0,72,367294
1230,7910,0,409,1075,1507,0,1507,404,0,0,127000
1231,18890,1,652,1361,1361,1259,2620,600,155,24,190000
1232,7728,120,303,1106,1190,0,1190,540,0,18,132500
1233,9842,0,0,0,1224,0,1224,462,0,0,101800
1234,12160,180,188,1188,1188,0,1188,531,0,0,142000
1235,8525,0,940,940,1024,940,1964,0,0,192,130000
1236,13132,0,747,747,892,892,1784,180,203,40,138887
1237,2628,106,764,764,764,862,1626,474,0,27,175500
1238,12393,0,847,847,847,1101,1948,434,100,48,195000
1239,13072,0,1141,1141,1141,0,1141,484,0,0,142500
1240,9037,32,1048,1476,1484,0,1484,472,120,33,265900
1241,8158,252,334,884,884,884,1768,543,0,63,224900
1242,9849,0,1689,1689,1689,0,1689,954,0,56,248328
1243,10625,81,0,1053,1173,0,1173,528,0,120,170000
1244,13891,,690,2076,2076,0,2076,850,216,229,465000
1245,11435,0,792,792,792,725,1517,400,0,0,230000
1246,12090,74,585,585,1140,728,1868,477,268,112,178000
1247,8125,0,756,756,756,797,1553,615,0,45,186500
1248,12328,335,473,1012,1034,0,1034,888,0,0,169900
1249,9600,0,416,735,1134,924,2058,396,0,0,129500
1250,7200,0,246,876,988,0,988,276,0,80,119000
1251,11160,0,1045,2110,2110,0,2110,522,0,0,244000
1252,3136,163,1405,1405,1405,0,1405,478,148,36,171750
1253,9858,0,354,864,874,0,874,288,33,0,130000
1254,17542,0,36,1192,1516,651,2167,518,220,47,294000
1255,6931,92,746,746,760,896,1656,397,178,128,165400
1256,6240,0,459,884,959,408,1367,560,0,0,127500
1257,14303,554,672,1986,1987,0,1987,691,262,36,301500
1258,4060,0,864,864,864,0,864,0,0,96,99900
1259,9587,182,201,856,1166,0,1166,400,212,0,190000
1260,9750,0,14,1054,1054,0,1054,460,180,0,151000
1261,24682,0,841,841,892,783,1675,502,0,103,181000
1262,9600,0,546,1050,1050,0,1050,338,0,0,128900
1263,11250,0,1104,1104,1104,684,1788,304,120,0,161500
1264,13515,0,764,764,1060,764,1824,520,0,0,180500
1265,4060,0,1139,1405,1337,0,1337,511,144,68,181000
1266,3735,218,241,691,713,739,1452,506,0,34,183900
1267,10120,0,925,925,964,925,1889,308,0,0,122000
1268,13214,0,2002,2002,2018,0,2018,746,144,76,378500
1269,14100,632,536,728,1968,1479,3447,1014,314,12,381000
1270,11344,180,414,874,874,650,1524,315,0,0,144000
1271,23595,0,74,1332,1332,192,1524,586,268,0,260000
1272,9156,0,1489,1489,1489,0,1489,462,0,0,185750
1273,13526,114,0,935,935,0,935,288,180,0,137000
1274,11512,84,300,1019,1357,0,1357,312,0,0,177000
1275,5362,0,661,661,661,589,1250,552,242,0,139000
1276,11345,567,708,928,928,992,1920,400,0,0,137000
1277,12936,0,130,723,735,660,1395,497,294,116,162000
1278,17871,359,1152,1680,1724,0,1724,480,0,0,197900
1279,9473,,324,1128,1128,903,2031,577,0,211,237000
1280,7500,0,698,698,698,430,1128,528,30,0,68400
1281,9808,110,785,1573,1573,0,1573,544,0,72,227000
1282,8049,54,256,1309,1339,0,1339,484,0,58,180000
1283,8800,0,364,1040,1040,0,1040,484,0,0,150500
1284,9400,0,912,912,912,912,1824,0,128,0,139000
1285,9638,0,804,804,1699,748,2447,336,272,0,169000
1286,6000,0,780,780,825,587,1412,280,45,0,132500
1287,9790,451,678,1328,1328,0,1328,528,0,26,143000
1288,36500,621,812,1624,1582,0,1582,390,168,198,190000
1289,5664,0,343,1501,1659,0,1659,499,212,59,278000
1290,11065,788,1085,1085,1120,850,1970,753,177,74,281000
1291,14112,86,138,1152,1152,0,1152,484,227,0,180500
1292,1680,268,399,630,630,672,1302,264,185,0,119500
1293,6600,0,994,994,1378,994,2372,432,0,287,107500
1294,10140,0,638,832,832,832,1664,528,0,28,162900
1295,8172,0,697,864,864,0,864,572,0,0,115000
1296,8400,168,36,1052,1052,0,1052,288,356,0,138500
1297,8700,148,344,1120,1128,0,1128,525,192,20,155000
1298,3675,82,0,547,1072,0,1072,525,0,44,140000
1299,63887,796,466,6110,4692,950,5642,1418,214,292,160000
1300,7500,0,0,1246,1246,0,1246,305,218,0,154000
1301,10762,344,284,978,1005,978,1983,490,0,0,225000
1302,7500,0,224,771,753,741,1494,213,0,0,177500
1303,10120,391,425,1165,1203,1323,2526,844,309,78,290000
1304,8688,228,1616,1616,1616,0,1616,834,208,59,232000
1305,3363,117,976,976,976,732,1708,380,0,40,130000
1306,13173,300,80,1652,1652,0,1652,840,404,102,325000
1307,6955,94,1368,1368,1368,0,1368,474,132,35,202500
1308,8072,0,244,990,990,0,990,480,0,64,138000
1309,12000,0,172,924,1122,0,1122,528,0,36,147000
1310,7153,88,78,1278,1294,0,1294,496,112,51,179200
1311,17500,0,496,1902,1902,0,1902,567,0,207,335000
1312,8814,80,349,1274,1274,0,1274,508,264,98,203000
1313,9572,336,971,1453,1453,1357,2810,750,500,0,302000
1314,14774,165,1393,1393,1422,1177,2599,779,668,30,333168
1315,8190,0,216,948,948,0,948,280,0,36,119000
1316,11075,0,176,952,1092,1020,2112,576,280,0,206900
1317,10226,270,1622,1622,1630,0,1630,860,172,42,295493
1318,4230,0,1352,1352,1352,0,1352,466,0,241,208900
1319,14781,178,1753,1753,1787,0,1787,748,198,150,275000
1320,10215,132,372,864,948,0,948,248,0,0,111000
1321,8400,0,628,1478,1478,0,1478,442,114,0,156500
1322,6627,0,0,0,720,0,720,287,0,0,72500
1323,10186,0,76,750,1061,862,1923,564,240,39,190000
1324,5330,0,140,420,708,0,708,0,164,0,82500
1325,9986,428,1795,1795,1795,0,1795,895,0,49,147000
1326,3636,0,796,796,796,0,796,0,0,0,55000
1327,4270,0,0,544,774,0,774,0,0,0,79000
1328,6600,0,175,816,816,0,816,264,0,0,130500
1329,10440,0,1017,1510,1584,1208,2792,520,0,547,256000
1330,9084,0,935,935,955,677,1632,462,0,28,176500
1331,10000,410,1588,1588,1588,0,1588,825,144,45,227000
1332,10780,0,428,911,954,0,954,576,0,0,132500
1333,8877,0,126,816,816,0,816,288,0,0,100000
1334,7200,0,803,803,803,557,1360,297,0,65,125500
1335,2368,312,0,765,765,600,1365,440,0,36,125000
1336,9650,360,664,1350,1334,0,1334,630,0,16,167900
1337,9246,564,1656,1656,1656,0,1656,506,0,211,135000
1338,4118,0,693,693,693,0,693,0,0,20,52500
1339,13450,0,216,916,920,941,1861,492,146,91,200000
1340,9560,0,504,864,864,0,864,288,0,0,128500
1341,8294,0,858,858,872,0,872,480,0,0,123000
1342,13695,0,300,1114,1114,0,1114,576,0,78,155000
1343,9375,149,1284,1284,1284,885,2169,647,192,87,228500
1344,7558,0,896,896,1172,741,1913,342,0,0,177000
1345,11103,0,728,728,728,728,1456,440,0,0,155835
1346,6000,0,710,960,960,0,960,308,0,0,108500
1347,20781,0,1203,1568,2156,0,2156,508,0,80,262500
1348,15306,100,1652,1732,1776,0,1776,712,0,0,283463
1349,16196,0,39,1482,1494,0,1494,514,402,25,215000
1350,5250,0,425,684,938,1215,2358,0,0,54,122000
1351,11643,368,748,1248,1338,1296,2634,968,0,0,200000
1352,9247,318,539,858,858,858,1716,490,0,84,171000
1353,6000,0,698,698,786,390,1176,624,210,0,134900
1354,14720,579,1217,2033,2053,1185,3238,666,283,86,410000
1355,10316,0,257,992,992,873,1865,839,0,184,235000
1356,10192,143,570,570,1222,698,1920,487,0,98,170000
1357,9477,65,524,864,892,0,892,264,0,0,110000
1358,12537,0,344,1078,1078,0,1078,500,0,0,149900
1359,2117,216,378,756,769,804,1573,440,0,32,177500
1360,16737,66,533,1980,1980,0,1980,770,194,45,315000
1361,9842,0,612,612,990,1611,2601,621,183,0,189000
1362,16158,16,256,1530,1530,0,1530,430,168,36,260000
1363,12513,0,715,715,1281,457,1738,368,55,0,104900
1364,8499,0,616,616,616,796,1412,432,0,36,156932
1365,3180,0,600,600,520,600,1200,480,0,166,144152
1366,7500,0,281,814,814,860,1674,663,0,96,216000
1367,9179,158,240,873,882,908,1790,588,0,88,193000
1368,2665,0,36,757,925,550,1475,336,104,26,127000
1369,4435,170,163,848,848,0,848,420,140,0,144000
1370,10635,171,315,1657,1668,0,1668,502,0,262,232000
1371,5400,0,420,840,840,534,1374,338,0,0,105000
1372,9600,0,161,992,1661,0,1661,377,0,28,165500
1373,9750,0,133,1108,1108,989,2097,583,253,170,274300
1374,11400,705,1351,2633,2633,0,2633,804,314,140,466500
1375,10625,0,1026,1026,1026,932,1958,936,154,210,250000
1376,10991,80,1571,1571,1571,0,1571,722,100,36,239000
1377,6292,0,384,768,790,0,790,160,0,141,91000
1378,10998,0,156,984,984,620,1604,660,0,68,117000
1379,1953,408,174,483,483,504,987,264,72,0,83000
1380,9735,0,384,384,754,640,1394,400,100,0,167500
1381,8212,0,661,864,864,0,864,200,0,0,58500
1382,12925,0,340,1205,2117,0,2117,550,0,42,237500
1383,7200,0,596,596,998,764,1762,576,36,0,157000
1384,25339,0,816,816,1416,0,1416,576,0,0,112000
1385,9060,0,356,560,698,560,1258,280,0,0,105000
1386,5436,0,61,796,796,358,1154,240,0,96,125500
1387,16692,184,133,1392,1392,1392,2784,564,0,112,250000
1388,8520,0,0,714,1664,862,2526,216,88,15,136000
1389,14892,160,426,1746,1746,0,1746,758,201,39,377500
1390,6000,0,360,735,869,349,1218,440,0,0,131000
1391,9100,244,125,1525,1525,0,1525,541,219,36,235000
1392,8944,0,1584,1584,1584,0,1584,792,0,152,124000
1393,7838,0,95,864,900,0,900,288,175,144,123000
1394,10800,0,482,482,1221,691,1912,672,0,25,163000
1395,4045,45,286,1356,1500,0,1500,648,161,20,246578
1396,12665,245,1094,1094,1133,1349,2482,642,144,39,281213
1397,57200,0,60,747,1687,0,1687,572,0,0,160000
1398,6120,0,939,939,939,574,1513,180,24,0,137500
1399,7200,0,676,1208,1136,768,1904,240,0,0,138000
1400,6171,0,712,976,1160,448,1608,216,147,16,137450
1401,6000,0,862,862,950,208,1158,208,0,0,120000
1402,7415,0,80,839,864,729,1593,398,100,75,193000
1403,6762,0,1286,1286,1294,0,1294,662,168,55,193879
1404,15256,84,556,1485,1464,0,1464,754,168,160,282922
1405,10410,0,672,672,694,520,1214,936,216,0,105000
1406,3842,174,221,1594,1646,0,1646,482,128,53,275000
1407,8445,0,112,768,768,0,768,396,58,0,133000
1408,8780,0,208,833,833,0,833,0,0,0,112000
1409,7740,0,622,622,741,622,1363,528,0,0,125500
1410,20544,123,791,791,1236,857,2093,542,364,63,215000
1411,12420,0,278,944,944,896,1840,622,0,45,230000
1412,9600,0,736,856,1112,556,1668,271,0,0,140000
1413,7200,0,0,0,1040,0,1040,420,0,0,90000
1414,10994,366,868,1844,1844,0,1844,620,165,44,257000
1415,13053,0,833,833,1053,795,1848,370,0,0,207000
1416,3635,130,398,1386,1569,0,1569,660,143,20,175900
1417,11340,0,777,777,1246,1044,2290,560,0,0,122500
1418,16545,731,503,1284,1310,1140,2450,1069,0,126,340000
1419,9204,0,247,1144,1144,0,1144,336,0,88,124000
1420,16381,312,734,1844,1844,0,1844,540,0,73,223000
1421,11700,420,304,708,708,708,1416,776,0,169,179900
1422,4043,0,709,1069,1069,0,1069,440,0,55,127500
1423,4435,170,162,848,848,0,848,420,140,0,136500
1424,19690,0,697,697,1575,626,2201,432,586,236,274970
1425,9503,0,193,1024,1344,0,1344,484,316,28,144000
1426,10721,243,1252,1252,1252,0,1252,528,0,39,142000
1427,10944,448,223,1223,1223,904,2127,525,171,132,271000
1428,10930,0,333,913,1048,510,1558,288,0,0,140000
1429,7200,294,278,788,804,0,804,240,0,0,119000
1430,12546,310,762,1440,1440,0,1440,467,0,0,182900
1431,21930,0,732,732,734,1104,1838,372,100,40,192140
1432,4928,0,0,958,958,0,958,440,0,60,143750
1433,10800,0,656,656,968,0,968,216,0,0,64500
1434,10261,318,936,936,962,830,1792,451,0,0,186500
1435,17400,0,190,1126,1126,0,1126,484,295,41,160000
1436,8400,237,1319,1319,1537,0,1537,462,0,36,174000
1437,9000,0,248,864,864,0,864,528,0,0,120500
1438,12444,426,596,1932,1932,0,1932,774,0,66,394617
1439,7407,0,312,912,1236,0,1236,923,0,158,149700
1440,11584,96,114,539,1040,685,1725,550,0,88,197000
1441,11526,0,588,588,1423,748,2555,672,431,0,191000
1442,4426,147,151,848,848,0,848,420,149,0,149300
1443,11003,160,252,1017,1026,981,2007,812,168,52,310000
1444,8854,0,952,952,952,0,952,192,0,98,121000
1445,8500,106,1422,1422,1422,0,1422,626,192,60,179600
1446,8400,0,0,814,913,0,913,240,0,0,129000
1447,26142,189,595,1188,1188,0,1188,312,261,39,157900
1448,10000,438,141,1220,1220,870,2090,556,0,65,240000
1449,11767,0,560,560,796,550,1346,384,168,24,112000
1450,1533,0,77,630,630,0,630,0,0,0,92000
1451,9000,0,896,896,896,896,1792,0,32,45,136000
1452,9262,194,1573,1573,1578,0,1578,840,0,36,287090
1453,3675,80,0,547,1072,0,1072,525,0,28,145000
1454,17217,0,1140,1140,1140,0,1140,0,36,56,84500
1455,7500,0,811,1221,1221,0,1221,400,0,113,185000
1456,7917,0,953,953,953,694,1647,460,0,40,175000
1457,13175,119,589,1542,2073,0,2073,500,349,0,210000
1458,9042,0,877,1152,1188,1152,2340,252,0,60,266500
1459,9717,0,0,1078,1078,0,1078,240,366,0,142125
1460,9937,0,136,1256,1256,0,1256,276,736,68,147500
